{
  "algorithm": "Baseline (Random Forest)",
  "accuracy": 0.9974666666666666,
  "precision": 0.9966,
  "recall": 0.9882982943276477,
  "f1_score": 0.9924317864967138,
  "false_positive_rate": 0.0006811443224617358,
  "num_features_selected": 78,
  "feature_ratio": 1.0,
  "hyperparams": {
    "n_estimators": 100,
    "max_depth": null
  },
  "runtime_seconds": 1.6472070217132568
}